{
    "Final_State_Particles_PDG": [
        1110.71181909971,
        1098.422607421975
    ],
    "Final_State_Particles_Mass": [
        0.4916028150838234,
        0.4470519722508026
    ],
    "Final_State_Particles_Energy": [
        0.1559446591085772,
        0.17329898486600648
    ],
    "Final_State_Particles_Momentum_X": [
        0.0022971265955363104,
        0.23465655754075776
    ],
    "Final_State_Particles_Momentum_Y": [
        -0.008015271958496011,
        0.2271343619631363
    ],
    "Final_State_Particles_Momentum_Z": [
        -0.004930360297192044,
        0.23442219207750092
    ],
    "Final_State_Particles_CosTheta": [
        -0.017024990723835818,
        0.5340977908180786
    ],
    "Final_State_Particles_Theta": [
        79.7196272374641,
        47.24408340464102
    ],
    "tot_fKE": [
        0.35212527223142454,
        0.2579401930197592
    ],
    "p_tot": [
        0.5102392042766727,
        0.27273221509282547
    ],
    "P_miss": [
        -0.1581139314343626,
        0.1738652590203873
    ]
}